TRUNCATE public.mobile_feature_master CASCADE;
TRUNCATE public.mobile_form_details CASCADE;
TRUNCATE public.mobile_beans_master CASCADE;
TRUNCATE public.mobile_beans_feature_rel CASCADE;
TRUNCATE public.mobile_form_feature_rel CASCADE;
TRUNCATE public.listvalue_field_form_relation CASCADE;

-- flyway which will make android work properly after truncating all data

--mobile feature master
INSERT INTO public.mobile_feature_master (mobile_constant,feature_name,mobile_display_name,state,created_on,created_by,modified_on,modified_by) VALUES
	 ('FHW_CFHC','FHW CFHC','CFHC','ACTIVE','2021-02-09 13:33:56.038843',-1,'2021-02-09 13:33:56.038843',-1),
	 ('FHW_MY_PEOPLE','FHW My People','My People','ACTIVE','2021-02-09 13:33:56.038843',-1,'2021-02-09 13:33:56.038843',-1),
	 ('FHW_NOTIFICATION','FHW Your Schedule','Your Schedule','ACTIVE','2021-02-09 13:33:56.038843',-1,'2021-02-09 13:33:56.038843',-1),
	 ('FHW_WORK_REGISTER','FHW Work Register','Work Register','ACTIVE','2021-02-09 13:33:56.038843',-1,'2021-02-09 13:33:56.038843',-1),
	 ('FHW_WORK_STATUS','Work Status','Work Status','ACTIVE','2021-02-09 13:33:56.038843',-1,'2021-02-09 13:33:56.038843',-1),
	 ('FHW_HIGH_RISK_WOMEN_AND_CHILD','FHW High Risk Mother and Child','High Risk Mother and Child','ACTIVE','2021-02-09 13:33:56.038843',-1,'2021-02-09 13:33:56.038843',-1),
	 ('ANNOUNCEMENTS','Announcements','Announcements','ACTIVE','2021-02-09 13:33:56.038843',-1,'2021-02-09 13:33:56.038843',-1),
	 ('WORK_LOG','Work Log','Work Log','ACTIVE','2021-02-09 13:33:56.038843',-1,'2021-02-09 13:33:56.038843',-1),
	 ('ASHA_MY_PEOPLE','ASHA MY PEOPLE','ASHA MY PEOPLE','ACTIVE','2021-09-21 10:35:56.32186',-1,'2021-09-21 10:35:56.32186',-1),
	 ('ASHA_NOTIFICATION','ASHA NOTIFICATION','ASHA NOTIFICATION','ACTIVE','2021-09-21 10:35:56.32186',-1,'2021-09-21 10:35:56.32186',-1),
	 ('ASHA_HIGH_RISK_BENEFICIARIES','ASHA HIGH RISK BENEFICIARIES','ASHA HIGH RISK BENEFICIARIES','ACTIVE','2021-09-21 10:35:56.32186',-1,'2021-09-21 10:35:56.32186',-1),
	 ('ASHA_CBAC_ENTRY','ASHA CBAC ENTRY','ASHA CBAC ENTRY','ACTIVE','2021-09-21 10:35:56.32186',-1,'2021-09-21 10:35:56.32186',-1),
	 ('ASHA_NCD_REGISTER','ASHA NCD REGISTER','ASHA NCD REGISTER','ACTIVE','2021-09-21 10:35:56.32186',-1,'2021-09-21 10:35:56.32186',-1),
	 ('ASHA_NPCB_SCREENING','ASHA NPCB SCREENING','ASHA NPCB SCREENING','ACTIVE','2021-09-21 10:35:56.32186',-1,'2021-09-21 10:35:56.32186',-1),
	 ('ASHA_WORK_REGISTER','ASHA WORK REGISTER','ASHA WORK REGISTER','ACTIVE','2021-09-21 10:35:56.32186',-1,'2021-09-21 10:35:56.32186',-1);


--mobile form details
INSERT INTO public.mobile_form_details (id,form_name,file_name,created_on,created_by,modified_on,modified_by) VALUES
	 (2,'CFHC','CFHC','2021-08-05 15:43:28.961078',-1,'2021-08-05 15:43:28.961078',-1),
	 (6,'LMPFU','LMPFU','2021-08-05 15:43:28.961078',-1,'2021-08-05 15:43:28.961078',-1),
	 (7,'FHW_ANC','FHW_ANC','2021-08-05 15:43:28.961078',-1,'2021-08-05 15:43:28.961078',-1),
	 (8,'FHW_WPD','FHW_WPD','2021-08-05 15:43:28.961078',-1,'2021-08-05 15:43:28.961078',-1),
	 (9,'FHW_PNC','FHW_PNC','2021-08-05 15:43:28.961078',-1,'2021-08-05 15:43:28.961078',-1),
	 (10,'FHW_CI','FHW_CI','2021-08-05 15:43:28.961078',-1,'2021-08-05 15:43:28.961078',-1),
	 (11,'FHW_CS','FHW_CS','2021-08-05 15:43:28.961078',-1,'2021-08-05 15:43:28.961078',-1),
	 (12,'FHW_VAE','FHW_VAE','2021-08-05 15:43:28.961078',-1,'2021-08-05 15:43:28.961078',-1),
	 (13,'FHW_RIM','FHW_RIM','2021-08-05 15:43:28.961078',-1,'2021-08-05 15:43:28.961078',-1),
	 (14,'DISCHARGE','DISCHARGE','2021-08-05 15:43:28.961078',-1,'2021-08-05 15:43:28.961078',-1),
	 (28,'TT2_ALERT','TT2_ALERT','2021-08-05 15:43:28.961078',-1,'2021-08-05 15:43:28.961078',-1),
	 (29,'IRON_SUCROSE_ALERT','IRON_SUCROSE_ALERT','2021-08-05 15:43:28.961078',-1,'2021-08-05 15:43:28.961078',-1),
	 (30,'ASHA_LMPFU','ASHA_LMPFU','2021-08-05 15:43:28.961078',-1,'2021-08-05 15:43:28.961078',-1),
	 (31,'ASHA_ANC','ASHA_ANC','2021-08-05 15:43:28.961078',-1,'2021-08-05 15:43:28.961078',-1),
	 (32,'ASHA_WPD','ASHA_WPD','2021-08-05 15:43:28.961078',-1,'2021-08-05 15:43:28.961078',-1),
	 (33,'ASHA_PNC','ASHA_PNC','2021-08-05 15:43:28.961078',-1,'2021-08-05 15:43:28.961078',-1),
	 (34,'ASHA_CS','ASHA_CS','2021-08-05 15:43:28.961078',-1,'2021-08-05 15:43:28.961078',-1),
	 (35,'ASHA_SAM_SCREENING','ASHA_SAM_SCREENING','2021-08-05 15:43:28.961078',-1,'2021-08-05 15:43:28.961078',-1),
	 (37,'ANCMORB','ANCMORB','2021-08-05 15:43:28.961078',-1,'2021-08-05 15:43:28.961078',-1),
	 (38,'PNCMORB','PNCMORB','2021-08-05 15:43:28.961078',-1,'2021-08-05 15:43:28.961078',-1),
	 (39,'CCMORB','CCMORB','2021-08-05 15:43:28.961078',-1,'2021-08-05 15:43:28.961078',-1),
	 (42,'AWW_CS','AWW_CS','2021-08-05 15:43:28.961078',-1,'2021-08-05 15:43:28.961078',-1),
	 (43,'AWW_THR','AWW_THR','2021-08-05 15:43:28.961078',-1,'2021-08-05 15:43:28.961078',-1),
	 (44,'AWW_DAILY_NUTRITION','AWW_DAILY_NUTRITION','2021-08-05 15:43:28.961078',-1,'2021-08-05 15:43:28.961078',-1);


--mobile beans required
INSERT INTO public.mobile_beans_master (bean,depends_on_last_sync) VALUES
	 ('AnnouncementBean',true),
	 ('FamilyBean',true),
	 ('FhwServiceDetailBean',false),
	 ('HealthInfrastructureBean',true),
	 ('LabelBean',true),
	 ('ListValueBean',true),
	 ('LocationMasterBean',true),
	 ('LocationTypeBean',true),
	 ('MenuBean',true),
	 ('NotificationBean',true),
	 ('PregnancyStatusBean',true),
	 ('SchoolBean',true);


--mobile beans feature relation
INSERT INTO public.mobile_beans_feature_rel (bean,feature) VALUES
	 ('FamilyBean','FHW_CFHC'),
	 ('ListValueBean','FHW_CFHC'),
	 ('FamilyBean','FHW_MY_PEOPLE'),
	 ('ListValueBean','FHW_MY_PEOPLE'),
	 ('MigratedMembersBean','FHW_MY_PEOPLE'),
	 ('MigratedFamilyBean','FHW_MY_PEOPLE'),
	 ('PregnancyStatusBean','FHW_MY_PEOPLE'),
	 ('FamilyBean','FHW_MOBILE_VERIFICATION'),
	 ('FamilyBean','FHW_HIGH_RISK_WOMEN_AND_CHILD'),
	 ('ListValueBean','FHW_HIGH_RISK_WOMEN_AND_CHILD'),
	 ('ListValueBean','FHW_NCD_REGISTER'),
	 ('FhwServiceDetailBean','FHW_WORK_STATUS'),
	 ('LibraryBean','LIBRARY'),
	 ('AnnouncementBean','ANNOUNCEMENTS'),
	 ('FamilyBean','FHW_NOTIFICATION'),
	 ('ListValueBean','FHW_NOTIFICATION'),
	 ('MigratedMembersBean','FHW_NOTIFICATION'),
	 ('MigratedFamilyBean','FHW_NOTIFICATION'),
	 ('NotificationBean','FHW_NOTIFICATION'),
	 ('FamilyBean','ASHA_FHS'),
	 ('FamilyBean','ASHA_MY_PEOPLE'),
	 ('ListValueBean','ASHA_MY_PEOPLE'),
	 ('FamilyBean','ASHA_HIGH_RISK_BENEFICIARIES'),
	 ('ListValueBean','ASHA_HIGH_RISK_BENEFICIARIES'),
	 ('FamilyBean','ASHA_CBAC_ENTRY'),
	 ('ListValueBean','ASHA_CBAC_ENTRY'),
	 ('FamilyBean','ASHA_NCD_REGISTER'),
	 ('MemberCbacDetailBean','ASHA_NCD_REGISTER'),
	 ('FamilyBean','ASHA_NPCB_SCREENING'),
	 ('ListValueBean','ASHA_NPCB_SCREENING'),
	 ('FamilyBean','ASHA_NOTIFICATION'),
	 ('ListValueBean','ASHA_NOTIFICATION'),
	 ('NotificationBean','ASHA_NOTIFICATION'),
	 ('CovidTravellersInfoBean','FHW_MY_PEOPLE'),
	 ('CovidTravellersInfoBean','FHW_NOTIFICATION'),
	 ('FamilyBean','FHSR_PHONE_NUMBER_VERIFICATION'),
	 ('FamilyBean','AWW_FHS'),
	 ('FamilyBean','AWW_MY_PEOPLE'),
	 ('ListValueBean','AWW_MY_PEOPLE'),
	 ('FamilyBean','AWW_NOTIFICATION'),
	 ('ListValueBean','AWW_NOTIFICATION'),
	 ('NotificationBean','AWW_NOTIFICATION');


--mobile form feature relation
INSERT INTO public.mobile_form_feature_rel (form_id,mobile_constant) values
	 (2,'FHW_CFHC'),
	 (7,'FHW_HIGH_RISK_WOMEN_AND_CHILD'),
	 (11,'FHW_HIGH_RISK_WOMEN_AND_CHILD'),
	 (3,'FHW_MY_PEOPLE'),
	 (6,'FHW_MY_PEOPLE'),
	 (7,'FHW_MY_PEOPLE'),
	 (8,'FHW_MY_PEOPLE'),
	 (9,'FHW_MY_PEOPLE'),
	 (11,'FHW_MY_PEOPLE'),
	 (12,'FHW_MY_PEOPLE'),
	 (13,'FHW_MY_PEOPLE'),
	 (18,'FHW_MY_PEOPLE'),
	 (19,'FHW_MY_PEOPLE'),
	 (30,'ASHA_MY_PEOPLE'),
	 (31,'ASHA_MY_PEOPLE'),
	 (32,'ASHA_MY_PEOPLE'),
	 (33,'ASHA_MY_PEOPLE'),
	 (34,'ASHA_MY_PEOPLE'),
	 (30,'ASHA_NOTIFICATION'),
	 (31,'ASHA_NOTIFICATION'),
	 (33,'ASHA_NOTIFICATION'),
	 (34,'ASHA_NOTIFICATION'),
	 (35,'ASHA_NOTIFICATION'),
	 (36,'ASHA_NOTIFICATION'),
	 (31,'ASHA_HIGH_RISK_BENEFICIARIES'),
	 (34,'ASHA_HIGH_RISK_BENEFICIARIES'),
	 (40,'ASHA_CBAC_ENTRY'),
	 (40,'ASHA_NPCB_SCREENING'),
	 (4,'FHW_NOTIFICATION'),
	 (5,'FHW_NOTIFICATION'),
	 (6,'FHW_NOTIFICATION'),
	 (7,'FHW_NOTIFICATION'),
	 (8,'FHW_NOTIFICATION'),
	 (9,'FHW_NOTIFICATION'),
	 (12,'FHW_NOTIFICATION'),
	 (14,'FHW_NOTIFICATION'),
	 (15,'FHW_NOTIFICATION'),
	 (19,'FHW_NOTIFICATION'),
	 (28,'FHW_NOTIFICATION'),
	 (29,'FHW_NOTIFICATION'),
	 (37,'ASHA_MY_PEOPLE'),
	 (37,'ASHA_NOTIFICATION'),
	 (38,'ASHA_MY_PEOPLE'),
	 (38,'ASHA_NOTIFICATION'),
	 (39,'ASHA_MY_PEOPLE'),
	 (39,'ASHA_NOTIFICATION');


--list value field form relation
INSERT INTO public.listvalue_field_form_relation (field,form_id) VALUES
	 ('referralPlaces',37),
	 ('healthFacilityOptions',37),
	 ('videoSevereAnemia',37),
	 ('probableAnemiaVideo',37),
	 ('moderateAnemiaVideo',37),
	 ('deathReasonsFhwAnc',31),
	 ('anccounselabtnutrition',31),
	 ('ancHomeVisitVideo',31),
	 ('dangerSignInANC',31),
	 ('newBornCareVideo',31),
	 ('ancSymptomAudio',31),
	 ('deathReasonsChildFhwPnc',34),
	 ('cchvbreastfeedingvideo',34),
	 ('cchvstartingcomplimentaryvideo',34),
	 ('cchvimmunizationvideo',34),
	 ('cchvincreasingcomplimentaryvideo',34),
	 ('cchvdangersign',34),
	 ('deathReasonsFhwAnc',30),
	 ('deathReasonsFhwAnc',32),
	 ('deathReasonsFhwAnc',33),
	 ('pncmotherrelatedimage',33),
	 ('deathReasonsChildFhwPnc',33),
	 ('pncroutinenewborn',33),
	 ('pncdangersignnewborn',33),
	 ('pncinfoimages',33),
	 ('pncskinofbabyimages',33),
	 ('pncpustulesimages',33),
	 ('pncchestimages',33),
	 ('pncumbilicusimages',33),
	 ('pncabdomenimages',33),
	 ('pncBreastfeedingVideo',33),
	 ('pncbreastfeedingimage',33),
	 ('referralPlaces',39),
	 ('healthFacilityOptions',39),
	 ('feedingVideo',39),
	 ('feedingHabits',39),
	 ('religionList',1),
	 ('religionList',2),
	 ('religionList',3),
	 ('casteList',1),
	 ('casteList',2),
	 ('casteList',3),
	 ('deathReasonsFhwAnc',1),
	 ('deathReasonsFhwAnc',2),
	 ('deathReasonsFhwAnc',3),
	 ('childDeathReasonsFhwCs',1),
	 ('childDeathReasonsFhwCs',2),
	 ('childDeathReasonsFhwCs',3),
	 ('maritalStatusList',1),
	 ('maritalStatusList',2),
	 ('maritalStatusList',3),
	 ('educationStatusList',1),
	 ('educationStatusList',2),
	 ('educationStatusList',3),
	 ('congenitalAnomalyList',1),
	 ('congenitalAnomalyList',2),
	 ('congenitalAnomalyList',3),
	 ('chronicDiseaseList',1),
	 ('chronicDiseaseList',2),
	 ('chronicDiseaseList',3),
	 ('currentDiseaseList',1),
	 ('currentDiseaseList',2),
	 ('currentDiseaseList',3),
	 ('eyeIssueList',1),
	 ('eyeIssueList',2),
	 ('eyeIssueList',3),
	 ('ancVisitPlacesFhwAnc',7),
	 ('dangerousSignsFhwAnc',7),
	 ('referralPlaceFhwAnc',7),
	 ('deathReasonsFhwAnc',7),
	 ('childDiseaseFhwCs',11),
	 ('childDeathReasonsFhwCs',11),
	 ('childDiseaseFhwCs',16),
	 ('childDeathReasonsFhwCs',16),
	 ('deathReasonsFhwAnc',5),
	 ('childDeathReasonsFhwCs',5),
	 ('deathReasonsFhwAnc',9),
	 ('dangerSignsMotherFhwPnc',9),
	 ('referralPlaceFhwAnc',9),
	 ('deathReasonsChildFhwPnc',9),
	 ('dangerSignsChildFhwPnc',9),
	 ('fpVideoRim',13),
	 ('institutionsListFhwWpd',8),
	 ('deathReasonsFhwAnc',8),
	 ('deliveryDangerSignsFhwWpd',8),
	 ('referralPlaceFhwAnc',8),
	 ('congenitalDeformityFhwWpd',8),
	 ('institutionsListFhwWpd',8),
	 ('Countries list',20),
	 ('Countries list',22),
	 ('religionList',21),
	 ('casteList',21),
	 ('maritalStatusList',21),
	 ('deathReasonsFhwAnc',6),
	 ('fpVideoLmp',6),
	 ('referralPlaces',38),
	 ('healthFacilityOptions',38),
	 ('referralPlaces',38),
	 ('offline_health_id_consent',2),
	 ('riskFactorList',2),
	 ('diseaseHistoryList',2),
	 ('mentalHealthObservationList',45),
	 ('mentalHealthOtherProblemList',45),
	 ('drugInventoryMedicine',49);


INSERT INTO public.system_configuration (system_key, is_active, key_value) VALUES
	('ANDROID_VERSION', true, '1-1'),
	('ANDROID_APP_LINK', true, 'http://localhost/imtecho-ui/mobile-app/medplat_1.apk'),
	('ANDROID_APP_VERSION', true, '1.0.0'),
	('ANDROID_APP_RELEASE_DATE', true, '4th July 2023'),
	('MOBILE_FORM_VERSION', true, '52');





